sira_no,ihrac_kodu,lidas_unvani,il,ilce_lokasyon
1,XFL,1001 TARIM ÜRÜNLERİ LİSANSLI DEPOCULUK A.Ş.,BALIKESİR,MERKEZ
2,XIP,AFŞİN ELBİSTAN LİDAŞ TARIM ÜRÜNLERİ LİSANSLI DEPOCULUK A.Ş.,GAZİANTEP,MERKEZ
3,XFX,AFYON BORSA TARIM ÜRÜNLERİ LİSANSLI DEPOCULUK A.Ş.,AFYONKARAHİSAR,DİNAR
4,XOZ,AFYON BORSA TARIM ÜRÜNLERİ LİSANSLI DEPOCULUK A.Ş.,AFYONKARAHİSAR,MERKEZ
5,XMD,AĞALAR TARIM ÜRÜNLERİ LİSANSLI DEPOCULUK A.Ş,KONYA,KARATAY
6,XJF,AK AGRO TARIM ÜRÜNLERİ LİSANSLI DEPOCULUK A.Ş.,SAKARYA,MERKEZ
7,XMC,AK LİDAŞ TARIM ÜRÜNLERİ LİSANSLI DEPOCULUK A.Ş. ,MARDİN,KIZILTEPE
8,XFH,AKBAL HUBUBAT TARIM ÜRÜNLERİ LİSANSLI DEPOCULUK A.Ş.,GAZİANTEP,MERKEZ
9,XHL,AKCAN LİDAŞ TARIM ÜRÜNLERİ LİSANSLI DEPOCULUK A.Ş.,MARDİN,MERKEZ
10,XHU,AKF AGRO TARIM ÜRÜNLERİ LİSANSLI DEPOCULUK A.Ş.,KONYA,MERKEZ
11,ALD,AKGÜLLER TAHIL TARIM ÜRÜNLERİ LİSANSLI DEPOCULUK A.Ş.,ADANA,MERKEZ
12,XPO,AKSA LİDAŞ TARIM ÜRÜNLERİ LİSANSLI DEPOCULUK A.Ş.,DİYARBAKIR,BİSMİL
13,AKS,AKSARAY İLİ TİCARET BORSASI TARIM ÜRÜNLERİ LİSANSLI DEPOCULUK A.Ş.,AKSARAY,"ARATOL, EŞMEKAYA"
14,XRI,AKSARAY YSM TARIM ÜRÜNLERİ LİSANSLI DEPOCULUK A.Ş.,AKSARAY,MERKEZ
15,XPZ,AKSOYLAR AGRO TARIM ÜRÜNLERİ LİSANSLI DEPOCULUK A.Ş.,KONYA,KULU
16,ALL,AL LİDAŞ TARIM ÜRÜNLERİ LİSANSLI DEPOCULUK A.Ş.,KAHRAMANMARAŞ,MERKEZ
17,XLT,ALİ KÜRKÜT TARIM ÜRÜNLERİ LİSANSLI DEPOCULUK A.Ş. ,DİYARBAKIR,SİLVAN
18,XNK,ALKIM LİDAŞ TARIM ÜRÜNLERİ LİSANSLI DEPOCULUK A.Ş.,KIRŞEHİR,MERKEZ
19,ATT,ALTILAR TARIM ÜRÜNLERİ LİSANSLI DEPOCULUK A.Ş.,KONYA,MERKEZ
20,ATT,ALTILAR TARIM ÜRÜNLERİ LİSANSLI DEPOCULUK A.Ş.,ANKARA,BALA
21,XRO,ALTIN ZİRAAT TARIM ÜRÜNLERİ LİSANSLI DEPOCULUK SAN. TİC. A.Ş.,SİVAS,ALTINYAYLA
22,ALG,ALTINAGRO TARIM ÜRÜNLERİ LİSANSLI DEPOCULUK A.Ş.,ADANA,CEYHAN
23,XLI,ALTINBAŞAK LİDAŞ TARIM ÜRÜNLERİ LİSANSLI DEPOCULUK A.Ş.,SAMSUN,HAVZA
24,XGV,ALTINBİLEK TARIM ÜRÜNLERİ LİSANSLI DEPOCULUK A.Ş. ,ESKİŞEHİR,ALPU
25,XEH,ALTINBİLEK TARIM ÜRÜNLERİ LİSANSLI DEPOCULUK A.Ş. ,ESKİŞEHİR,ÇİFTELER
26,XEG,ALTINBİLEK TARIM ÜRÜNLERİ LİSANSLI DEPOCULUK A.Ş. ,ESKİŞEHİR,MERKEZ
27,XRE,ALTUNOKLAR GRUP TARIM ÜRÜNLERİ LİSANSLI DEPOCULUK A.Ş.,KONYA,ILGIN
28,ALT,ALTUNTAŞ TARIM ÜRÜNLERİ LİSANSLI DEPOCULUK A.Ş.,AKSARAY,"ACIPINAR, AĞAÇÖREN, YAPILCAN"
29,ASL,ANADOLU SELÇUKLU TARIM ÜRÜNLERİ LİSANSLI DEPOCULUK A.Ş.,KONYA,"MERKEZ, ÇELTİK, ÇUMRA, KARAPINAR, YUNAK SARAY, YUNAK"
30,XKS,ARSLAN AGRO TARIM ÜRÜNLERİ LİSANSLI DEPOCULUK A.Ş.,YOZGAT,SORGUN
31,XUB,ARSLAN ATALAY TARIM ÜRÜNLERİ LİSANSLI DEPOCULUK A.Ş.,YOZGAT,YERKÖY
32,XIL,AŞIROĞULLARI LİDAŞ  TARIM ÜRÜNLERİ LİSANSLI DEPOCULUK A.Ş.,KONYA,MERKEZ
33,ATA,ATA LİDAŞ TARIM ÜRÜNLERİ LİSANSLI DEPOCULUK A.Ş.,KAHRAMANMARAŞ,ONİKİŞUBAT
34,XJR,ATABEY LİDAŞ TARIM ÜRÜNLERİ LİSANSLI DEPOCULUK A.Ş. ,DİYARBAKIR,MERKEZ
35,ATU,ATARLAR TARIM ÜRÜNLERİ LİSANSLI DEPOCULUK A.Ş.,AKSARAY,MERKEZ
36,XIU,ATARLAR TARIM ÜRÜNLERİ LİSANSLI DEPOCULUK A.Ş. ,KONYA,"KONYA, "
37,ATU,ATARLAR TARIM ÜRÜNLERİ LİSANSLI DEPOCULUK A.Ş. ,AKSARAY,SULTANHANI
38,ATB,ATB ÇUKUROVA TARIM ÜRÜNLERİ LİSANSLI DEPOCULUK A.Ş.,ADANA,YÜREĞİR 
39,XEF,ATB TARIM ÜRÜNLERİ LİSANSLI DEPOCULUK A.Ş. ,ANKARA,MERKEZ
40,AVS,AVS AGRO TARIM ÜRÜNLERİ LİSANSLI DEPOCULUK A.Ş.,KONYA,MERKEZ
41,XMA,AYAZZ TARIM ÜRÜNLERİ LİSANSLI DEPOCULUK A.Ş.,SİİRT,KURTALAN
42,XKL,AYDINLAR AGRO TARIM ÜRÜNLERİ LİSANSLI DEPOCULUK A.Ş.,ADANA,KARATAŞ
43,XOH,AYEN TARIM ÜRÜNLERİ LİSANSLI DEPOCULUK A.Ş.,MERSİN,TARSUS
44,AYS,AYSAN TARIM ÜRÜNLERİ LİSANSLI DEPOCULUK A.Ş.,ADANA,MERKEZ
45,XLR,AZİM LİDAŞ TARIM ÜRÜNLERİ LİSANSLI DEPOCULUK A.Ş.,MARDİN,KIZILTEPE
46,XIR,AZİZİYE TARIM ÜRÜNLERİ LİSANSLI DEPOCULUK A.Ş.,ERZURUM,MERKEZ
47,XNI,BABAESKİ TARIM ÜRÜNLERİ LİSANSLI DEPOCULUK A.Ş.,KIRKLARELİ,BABAESKİ
48,XFA,BAĞIŞLAR TARIM ÜRÜNLERİ LİSANSLI DEPOCULUK A.Ş.,ADANA,İMAMOĞLU
49,XNU,BAL KAN LİDAŞ TARIM ÜRÜNLERİ LİSANSLI DEPOCULUK A.Ş.,DİYARBAKIR,BİSMİL
50,XPT,BAL TARIM ÜRÜNLERİ LİSANSLI DEPOCULUK A.Ş.,DİYARBAKIR,ÇINAR
51,XFR,BALIKESİR HUBUBAT TARIM ÜRÜNLERİ LİSANSLI DEPOCULUK A.Ş.,BALIKESİR,MERKEZ
52,XGM,BALKIR TARIM ÜRÜNLERİ LİSANSLI DEPOCULUK A.Ş.,SİVAS,MERKEZ
53,XGD,BALSAN TARIM ÜRÜNLERİ LİSANSLI DEPOCULUK A.Ş.,DİYARBAKIR,MERKEZ
54,XMG,BALYAN LİDAŞ TARIM ÜRÜNLERİ LİSANSLI DEPOCULUK A.Ş.,DİYARBAKIR,SİLVAN
55,XIN,BANDIRMA BORSA TARIM ÜRÜNLERİ LİSANSLI DEPOCULUK A.Ş.,BALIKESİR,MERKEZ
56,XMV,BARAK LİDAŞ TARIM ÜRÜNLERİ LİSANSLI DEPOCULUK A.Ş.,GAZİANTEP,OĞUZELİ
57,XGK,BAŞAK SARIKAYA TARIM ÜRÜNLERİ LİSANSLI DEPOCULUK A.Ş.,YOZGAT,MERKEZ
58,XFZ,BATMAN LİDAŞ TARIM ÜRÜNLERİ LİSANSLI DEPOCULUK A.Ş.,BATMAN,MERKEZ
59,XRH,BEKA LİDAŞ TARIM ÜRÜNLERİ LİSANSLI DEPOCULUK SANAYİ TİCARET A.Ş.,DİYARBAKIR,YENİŞEHİR
60,XLO,BEŞLER LİDAŞ TARIM ÜRÜNLERİ LİSANSLI DEPOCULUK A.Ş.,GAZİANTEP,ŞEHİTKAMİL
61,XEP ,BETA GEN TARIM ÜRÜNLERİ LİSANSLI DEPOCULUK A.Ş. ,DİYARBAKIR,MERKEZ
62,XKF,BETA GEN TARIM ÜRÜNLERİ LİSANSLI DEPOCULUK A.Ş. ,DİYARBAKIR,BİSMİL
63,XLF,BEYOĞLU AGRO TARIM ÜRÜNLERI LISANSLI DEPOCULUK A.Ş.,NİĞDE,MERKEZ
64,XNY,BİLDİKLER AGRO TARIM ÜRÜNLERİ LİSANSLI DEPOCULUK A.Ş.,YOZGAT,SORGUN
65,XID,BİRLER LİDAŞ TARIM ÜRÜNLERİ LİSANSLI DEPOCULUK A.Ş.,DİYARBAKIR,MERKEZ
66,XMP,BİRLİK LİDAŞ TARIM ÜRÜNLERİ LİSANSLI DEPOCULUK A.Ş.,AĞRI,ELEŞKİRT
67,XIZ,BİZİM TARIM ÜRÜNLERİ LİSANSLI DEPOCULUK A.Ş.,KARAMAN,MERKEZ
68,XON,BOZOK SANCAĞI TARIM ÜRÜNLERİ LİSANSLI DEPOCULUK A.Ş.,YOZGAT,MERKEZ
69,XPS,BTB BALIKESİR TİCARET BORSASI TARIM ÜRÜNLERİ LİSANSLI DEPOCULUK A.Ş.,BALIKESİR,ALTIEYLÜL
70,XOV,BULİDAŞ TARIM ÜRÜNLERİ LİSANSLI DEPOCULUK A.Ş.,YOZGAT,SORGUN
71,XUE,BULUT AGRO TARIM ÜRÜNLERİ LİSANSLI DEPOCULUK SAN. VE TİC. A.Ş.,YOZGAT,SORGUN
72,XKT,BÜYÜK MENDERES TARIM ÜRÜNLERİ LİSANSLI DEPOCULUK A.Ş.,AYDIN,SÖKE
73,XPR,CANDARLAR TARIM ÜRÜNLERİ LİSANSLI DEPOCULUK A.Ş.,TEKİRDAĞ,MALKARA
74,CLD,CEMAŞ TARIM ÜRÜNLERİ LİSANSLI DEPOCULUK SANAYİ VE TİCARET A.Ş.,DİYARBAKIR,MERKEZ
75,XOE,CEMİL DEMİR TARIM ÜRÜNLERİ LİSANSLI DEPOCULUK A.Ş.,EDİRNE,HAVSA
76,XES,CENSA TARIM ÜRÜNLERİ LİSANSLI DEPOCULUK A.Ş.,DİYARBAKIR,MERKEZ
77,XKC,CEYLANLAR LİDAŞ TARIM ÜRÜNLERİ LİSANSLI DEPOCULUK A.Ş.,KIRŞEHİR,MERKEZ
78,XNT,CEYLANLAR LİDAŞ TARIM ÜRÜNLERİ LİSANSLI DEPOCULUK A.Ş.,KIRŞEHİR,BOZTEPE
79,XOL,ÇARŞAMBA LİDAŞ TARIM ÜRÜNLERİ LİSANSLI DEPOCULUK A.Ş. ,TEKİRDAĞ,SARAY
80,XFC,ÇELİKOĞULLARI LİDAŞ TARIM ÜRÜNLERİ LİSANSLI DEPOCULUK A.Ş.,DİYARBAKIR,MERKEZ
81,XNZ,ÇEVİKLER TARIM ÜRÜNLERİ LİSANSLI DEPOCULUK A.Ş.,KONYA,SELÇUKLU
82,XNJ,ÇİÇEK LİDAŞ TARIM ÜRÜNLERİ LİSANSLI DEPOCULUK A.Ş.,ŞANLIURFA,EYYÜBİYE
83,XRG,ÇÖKEN AGRO TARIM ÜRÜNLERİ LİSANSLI DEPOCULUK A.Ş.,ESKİŞEHİR,ODUNPAZARI
84,XKJ,ÇUKUROVATOPRAK TARIM ÜRÜNLERİ LİSANSLI DEPOCULUK A.Ş.,ADANA,KARATAŞ
85,XPA,ÇUKUROVATOPRAK TARIM ÜRÜNLERİ LİSANSLI DEPOCULUK A.Ş.,ADANA,CEYHAN
86,XMH,DAYANLAR LİDAŞ TARIM ÜRÜNLERİ LİSANSLI DEPOCULUK A.Ş.,SİİRT,KURTALAN
87,XKM,DEMİRAĞALAR BEREKET ŞENYURT TARIM ÜRÜNLERİ LİSANSLI DEPOCULUK A.Ş.,MARDİN,KIZILTEPE
88,XPC,DEMİRSAN LİDAŞ TARIM ÜRÜNLERİ LİSANSLI DEPOCULUK A.Ş.,ŞANLIURFA,EYYÜBİYE
89,XLN,DENİZLİ BORSA TARIM ÜRÜNLERİ LİSANSLI DEPOCULUK A.Ş.,DENİZLİ,TAVAS
90,XMS,DENİZLİ BORSA TARIM ÜRÜNLERİ LİSANSLI DEPOCULUK A.Ş.,DENİZLİ,ÇİVRİL
91,XNB,DESA LİDAŞ TARIM ÜRÜNLERİ LİSANSLI DEPOCULUK A.Ş.,DİYARBAKIR,BİSMİL
92,XFD,DİCLE İPEKYOLU TARIM ÜRÜNLERİ LİSANSLI DEPOCULUK A.Ş.,MARDİN,KIZILTEPE
93,XEI,DOĞA AKBULUT TARIM ÜRÜNLERİ LİSANSLI DEPOCULUK A.Ş. ,AKSARAY,MERKEZ
94,XME,DOĞAL TAT AGRO TARIM ÜRÜNLERİ LİSANSLI DEPOCULUK A.Ş.,ŞANLIURFA,EYYÜBİYE
95,XEU,DOĞU MARMARA TARIM ÜRÜNLERİ LİSANSLI DEPOCULUK A.Ş. ,SAKARYA,MERKEZ
96,XGU,DURAK TARIM ÜRÜNLERİ LİSANSLI DEPOCULUK A.Ş.,DİYARBAKIR,MERKEZ
97,XKZ,DUYAN AGRO TARIM ÜRÜNLERİ LİSANSLI DEPOCULUK A.Ş.,MARDİN,KIZILTEPE
98,XIA,DÜLGER LİDAŞ TARIM ÜRÜNLERİ LİSANSLI DEPOCULUK A.Ş.,KÜTAHYA,MERKEZ
99,ETD,EDİRNE TARIM ÜRÜNLERİ LİSANSLI DEPOCULUK A.Ş.,EDİRNE,MERKEZ
100,ELD,EGE TARIM ÜRÜNLERİ LİSANSLI DEPOCULUK A.Ş.,İZMİR,MERKEZ
101,XJO,EKBER TARIM ÜRÜNLERİ LİSANSLI DEPOCULUK A.Ş.,KAHRAMANMARAŞ,MERKEZ
102,XNS,EL SA TARIM ÜRÜNLERİ LİSANSLI DEPOCULUK A.Ş.,KAHRAMANMARAŞ,ELBİSTAN
103,XNF,ELBİSTAN DOĞAN TARIM ÜRÜNLERİ LİSANSLI DEPOCULUK A.Ş.,KAHRAMANMARAŞ,ELBİSTAN
104,XLB,ENS LİDAŞ TARIM ÜRÜNLERİ LİSANSLI DEPOCULUK A.Ş.,MARDİN,KIZILTEPE
105,XIC,ER MAKİNE TARIM ÜRÜNLERİ LİSANSLI DEPOCULUK A.Ş.,ADANA,MERKEZ
106,XGJ,ERC TARIM ÜRÜNLERİ LİSANSLI DEPOCULUK A.Ş.,KAYSERİ,MERKEZ
107,XPJ,ERDEM AGRO TARIM ÜRÜNLERİ LİSANSLI DEPOCULUK A.Ş.,MARDİN,DERİK
108,XUD,EREĞLİ PANCAR TARIM ÜRÜNLERİ LİSANSLI DEPOCULUK A.Ş.,KONYA,EREĞLİ
109,XHK,EREĞLİ TARIM ÜRÜNLERİ LİSANSLI DEPOCULUK A.Ş.,KONYA,MERKEZ
110,XJB,ERK LİDAŞ TARIM ÜRÜNLERİ LİSANSLI DEPOCULUK A.Ş.,KONYA,MERKEZ
111,XHR,EROĞLU AGRO TARIM ÜRÜNLERİ LİSANSLI DEPOCULUK A.Ş.,KONYA,MERKEZ
112,XNL,ESATBEYOĞLU TARIM ÜRÜNLERİ LİSANSLI DEPOCULUK A.Ş.,YOZGAT,YERKÖY
113,XGL,ESERLER TARIM ÜRÜNLERİ LİSANSLI DEPOCULUK A.Ş. ,YOZGAT,MERKEZ
114,XFS,ESLİDAŞ TARIM ÜRÜNLERİ LİSANSLI DEPOCULUK A.Ş.,EDİRNE,UZUNKÖPRÜ
115,XEA,ESLİDAŞ TARIM ÜRÜNLERİ LİSANSLI DEPOCULUK A.Ş. ,EDİRNE,MERKEZ
116,XLM,FİLİKCİ TARIM ÜRÜNLERİ LİSANSLI DEPOCULUK A.Ş.,AKSARAY,ESKİL
117,XHJ,FLORA HUBUBAT TARIM ÜRÜNLERİ LİSANSLI DEPOCULUK A.Ş.,ADIYAMAN,MERKEZ
118,XDT,GAP ŞANLIURFA TARIM ÜRÜNLERİ LİSANSLI DEPOCULUK A.Ş. ,ŞANLIURFA,MERKEZ
119,XHA,GAZİANTEP TİCARET BORSASI TARIM ÜRÜNLERİ LİSANSLI DEPOCULUK A.Ş.,GAZİANTEP,MERKEZ
120,GLD,GİRESUN FINDIK TARIM ÜRÜNLERİ LİSANSLI DEPOCULUK A.Ş.,GİRESUN,MERKEZ
121,XUA,GK LİDAŞ TARIM ÜRÜNLERİ LİSANSLI DEPOCULUK A.Ş.,OSMANİYE,KADİRLİ
122,XHO,GM TARIM ÜRÜNLERİ LİSANSLI DEPOCULUK A.Ş. ,KIRŞEHİR,MERKEZ
123,XNE,GÖRENLER AGRO TARIM ÜRÜNLERI LİSANSLİ DEPOCULUK A.Ş.,ŞANLIURFA,VİRANŞEHİR
124,XUH,GÖZÜKARA AGRO TARIM ÜRÜNLERİ LİSANSLI DEPOCULUK A.Ş.,ADANA,YÜREĞİR 
125,XJP,GRAİN TARIM ÜRÜNLERİ LİSANSLI DEPOCULUK A.Ş. ,HATAY,KIRIKHAN
126,XBN,GRAİN TARIM ÜRÜNLERİ LİSANSLI DEPOCULUK A.Ş. ,HATAY,MERKEZ
127,XHY,GÜNEY LİDAŞ TARIM ÜRÜNLERİ LİSANSLI DEPOCULUK A.Ş.,KONYA,"MERKEZ, ÇEŞMELİSEBİL"
128,XIK,GÜR LİDAŞ TARIM ÜRÜNLERİ LİSANSLI DEPOCULUK A.Ş.,BATMAN,BEŞİRİ
129,XOK,GÜR LİDAŞ TARIM ÜRÜNLERİ LİSANSLI DEPOCULUK A.Ş.,BATMAN,MERKEZ
130,GZL,GÜZEL TARIM ÜRÜNLERİ LİSANSLI DEPOCULUK A.Ş. ,KONYA,"CİHANBEYLİ, YEŞİLÖZ"
131,XKI,GÜZELOĞLU LİDAŞ TARIM ÜRÜNLERİ LİSANSLI DEPOCULUK A.Ş.,KONYA,KARATAY
132,HET,HACI EMİN TARIM ÜRÜNLERİ LİSANSLI DEPOCULUK A.Ş. ,BATMAN ,MERKEZ
133,XEN,HACIÖMEROĞLU AFM TARIM ÜRÜNLERİ LİSANSLI DEPOCULUK A.Ş. ,DİYARBAKIR,MERKEZ
134,XEN,HACIÖMEROĞLU AFM TARIM ÜRÜNLERİ LİSANSLI DEPOCULUK A.Ş. ,BATMAN,BEŞİRİ
135,XMB,HACIÖMEROĞLU AFM TARIM ÜRÜNLERİ LİSANSLI DEPOCULUK A.Ş. ,BİTLİS,AHLAT
136,XMU,HAS BUĞSAN TARIM ÜRÜNLERİ LİSANSLI DEPOCULUK A.Ş.,AKSARAY,MERKEZ
137,XNH,HAS GRAİN LİDAŞ TARIM ÜRÜNLERİ LİSANSLI DEPOCULUK A.Ş.,MARDİN,KIZILTEPE
138,XGC,HASANOĞULLARI LİDAŞ TARIM ÜRÜNLERİ LİSANSLI DEPOCULUK A.Ş.,AKSARAY,MERKEZ
139,XKD,HASANOĞULLARI LİDAŞ TARIM ÜRÜNLERİ LİSANSLI DEPOCULUK A.Ş.,KIRŞEHİR,MERKEZ
140,HKM,HEKİMOĞLU TARIM ÜRÜNLERİ LİSANSLI DEPOCULUK SANAYİ VE TİCARET A.Ş. ,KONYA,MERKEZ
141,XIV,HİCAZ TARIM ÜRÜNLERİ LİSANSLI DEPOCULUK A.Ş.,İSTANBUL,MERKEZ
142,XFU,HİKMET ŞEFLEK TARIM ÜRÜNLERİ LİSANSLI DEPOCULUK A.Ş.,KONYA,MERKEZ
143,XGG,HİMMETDEDE TARIM ÜRÜNLERİ LİSANSLI DEPOCULUK A.Ş.,KAYSERİ,MERKEZ
144,XKR,HİMMETDEDE TARIM ÜRÜNLERİ LİSANSLI DEPOCULUK A.Ş.,NEVŞEHİR,HACIBEKTAŞ
145,XPF,HK KARATAŞ TARIM ÜRÜNLERİ LİSANSLI DEPOCULUK A.Ş. ,KAHRAMANMARAŞ,ONİKİŞUBAT
146,XOB,İKİ KARDEŞLER TARIM ÜRÜNLERİ LİSANSLI DEPOCULUK A.Ş.,ELAZIĞ,KOVANCILAR
147,XOY,İMPAZ TARIM ÜRÜNLERİ LİSANSLI DEPOCULUK A.Ş.,TEKİRDAĞ,SÜLEYMANPAŞA
148,XOF,İNCEÖZ TARIM ÜRÜNLERİ LİSANSLI DEPOCULUK A.Ş.,NEVŞEHİR,MERKEZ
149,XNP,İPEK LİDAŞ TARIM ÜRÜNLERİ LİSANSLI DEPOCULUK A.Ş. ,KAYSERİ,YEŞİLHİSAR
150,XPH,İPEK LİDAŞ TARIM ÜRÜNLERİ LİSANSLI DEPOCULUK A.Ş. ,ŞEFAATLİ,YOZGAT
151,XFI,İPEK TARIM ÜRÜNLERİ LİSANSLI DEPOCULUK A.Ş.,MARDİN,MERKEZ
152,İPL,İPSALA TARIM ÜRÜNLERİ LİSANSLI DEPOCULUK A.Ş.,EDİRNE,İPSALA
153,XGS,İSMAİL HAKAN BALTAOĞLU TARIM ÜRÜNLERİ LİSANSLI DEPOCULUK A.Ş.,KONYA,MERKEZ
154,XNR,İSMAİL HAKKI KUMARTAŞLI TARIM ÜRÜNLERİ LİSANSLI DEPOCULUK A.Ş.,AFYONKARAHİSAR,EMİRDAĞ
155,XJD,İZZETTİN DENKTAŞ LİDAŞ TARIM ÜRÜNLERİ LİSANSLI DEPOCULUK A.Ş.,DİYARBAKIR,MERKEZ
156,XMN,KAAN TARIM ÜRÜNLERİ LİSANSLI DEPOCULUK A.Ş.,IĞDIR,MERKEZ
157,XMF,KADİM LİDAŞ TARIM ÜRÜNLERİ LİSANSLI DEPOCULUK A.Ş.,MARDİN,KIZILTEPE
158,XPM,KADİM SUR LİDAŞ TARIM ÜRÜNLERİ LİSANSLI DEPOCULUK A.Ş.,DİYARBAKIR,EĞİL
159,XFY,KAHVECİ AGRO TARIM ÜRÜNLERİ LİSANSLI DEPOCULUK SAN. VE TİC. A.Ş.,KONYA,MERKEZ
160,KTU,KAİNAT TARIM ÜRÜNLERİ LİSANSLI DEPOCULUK A.Ş. ,KONYA,ACIKUYU
161,KTU,KAİNAT TARIM ÜRÜNLERİ LİSANSLI DEPOCULUK A.Ş. ,TEKİRDAĞ,ERGENE
162,KTU,KAİNAT TARIM ÜRÜNLERİ LİSANSLI DEPOCULUK A.Ş. ,ÇANAKKALE,GELİBOLU
163,KTU,KAİNAT TARIM ÜRÜNLERİ LİSANSLI DEPOCULUK A.Ş. ,SİVAS,KANGAL
164,KTU,KAİNAT TARIM ÜRÜNLERİ LİSANSLI DEPOCULUK A.Ş. ,KARAMAN,MERKEZ
165,KTU,KAİNAT TARIM ÜRÜNLERİ LİSANSLI DEPOCULUK A.Ş. ,KIRKLARELİ,MERKEZ
166,KTU,KAİNAT TARIM ÜRÜNLERİ LİSANSLI DEPOCULUK A.Ş. ,YOZGAT,MERKEZ
167,KAN,KAN TARIM ÜRÜNLERİ LİSANSLI DEPOCULUK A.Ş. ,ANKARA,ŞKOÇHİSAR
168,XLS,KARABULUT HUBUBAT TARIM ÜRÜNLERİ LİSANSLI DEPOCULUK A.Ş.,ŞANLIURFA,KARAKÖPRÜ
169,XJK,KARAKAYA LİDAŞ TARIM ÜRÜNLERİ LİSANSLI DEPOCULUK A.Ş.,SAMSUN,MERKEZ
170,XJC,KARAMAN TİCARET BORSASI TARIM ÜRÜNLERİ LİSANSLI DEPOCULUK A.Ş. ,KARAMAN,MERKEZ
171,XMZ,KAYA LİDAŞ TARIM ÜRÜNLERİ LİSANSLI DEPOCULUK A.Ş.,MERSİN,TARSUS
172,XLG,KAYNAR AGRO TARIM ÜRÜNLERİ LİSANSLI DEPOCULUK A.Ş.,KAHRAMANMARAŞ,PAZARCIK
173,KAY,KAYSERİ ŞEKER TARIM ÜRÜNLERİ LİSANSLI DEPOCULUK A.Ş. ,YOZGAT,BOĞAZLIYAN
174,XBD,KAYSERİ ŞEKER TARIM ÜRÜNLERİ LİSANSLI DEPOCULUK A.Ş. ,SİVAS,ŞARKIŞLA
175,XBH,KAYSERİ ŞEKER TARIM ÜRÜNLERİ LİSANSLI DEPOCULUK A.Ş. ,KAYSERİ,DEVELİ
176,XRL,KEÇEBEYLİ GRUP TARIM ÜRÜNLERİ LİSANSLI DEPOCULUK ANONİM ŞİRKETİ,ANKARA,SİNCAN
177,XMY,KENAN ECER TARIM ÜRÜNLERİ LİSANSLI DEPOCULUK A.Ş.,KONYA,EMİRGAZİ
178,XRD,KEPENÇ LİDAŞ TARIM ÜRÜNLERİ LİSANSLI DEPOCULUK A.Ş.,MARDİN,KIZILTEPE
179,XEC,KFM TARIM ÜRÜNLERİ LİSANSLI DEPOCULUK A.Ş. ,İSTANBUL,MERKEZ
180,XJN,KILIÇLAR LİDAŞ TARIM ÜRÜNLERİ LİSANSLI DEPOCULUK A.Ş. ,MARDİN,MERKEZ
181,XOU,KIZILKAYA LİDAŞ TARIM ÜRÜNLERİ LİSANSLI DEPOCULUK A.Ş.,ŞANLIURFA,EYYÜBİYE
182,KTP,KIZILTEPE AGRO TARIM ÜRÜNLERİ LİSANSLI DEPOCULUK A.Ş. ,MARDİN,MERKEZ
183,XHD,KOÇAKER LİDAŞ TARIM ÜRÜNLERİ LİSANSLI DEPOCULUK A.Ş.,KONYA,MERKEZ
184,XJE,KONYA TARIM ÜRÜNLERİ LİSANSLI DEPOCULUK SANAYİ VE TİCARET A.Ş. ,KONYA,CİHANBEYLİ
185,KLD,KONYA TARIM ÜRÜNLERİ LİSANSLI DEPOCULUK SANAYİ VE TİCARET A.Ş. ,KONYA,MERKEZ
186,XOD,KONYA TARIM ÜRÜNLERİ LİSANSLI DEPOCULUK SANAYİ VE TİCARET A.Ş. ,AFYONKARAHİSAR,EMİRDAĞ
187,KOA,KÖSEOĞLU AGRO TARIM ÜRÜNLERİ LİSANSLI DEPOCULUK A.Ş. ,ADANA,YÜREĞİR 
188,XLH,KULU AK TARIM ÜRÜNLERİ LİSANSLI DEPOCULUK A.Ş.,KONYA,KULU
189,XIB,KULUSAN TARIM ÜRÜNLERİ LİSANSLI DEPOCULUK A.Ş.,KONYA,KULU
190,XEJ,KUŞAT TARIM ÜRÜNLERİ LİSANSLI DEPOCULUK A.Ş. ,KAYSERİ,MERKEZ
191,XGF,KÜÇÜKER İNÇLER TARIM ÜRÜNLERİ LİSANSLI DEPOCULUK A.Ş.,AKSARAY,MERKEZ
192,XLJ,KÜÇÜKER İNÇLER TARIM ÜRÜNLERİ LİSANSLI DEPOCULUK A.Ş.,KONYA,KARATAY
193,XGZ,LARENDE TARIM ÜRÜNLERİ LİSANSLI DEPOCULUK A.Ş.,KARAMAN,MERKEZ
194,XFE,LDR TARIM ÜRÜNLERİ LİSANSLI DEPOCULUK A.Ş.,KONYA,MERKEZ
195,XFG,LDR TARIM ÜRÜNLERİ LİSANSLI DEPOCULUK A.Ş. ,KONYA,"MERKEZ, İSMİL"
196,XHS,LİKYA LİDAŞ TARIM ÜRÜNLERİ LİSANSLI DEPOCULUK A.Ş.,GAZİANTEP,MERKEZ
197,LTD,LÜLEBURGAZ TARIM ÜRÜNLERİ LİSANSLI DEPOCULUK A.Ş. ,KIRKLARELİ,MERKEZ
198,XRC,MAF LİDAŞ TARIM ÜRÜNLERİ LİSANSLI DEPOCULUK A.Ş.,DİYARBAKIR,ERGANİ
199,XKH,MAKSOY TARIM ÜRÜNLERİ LİSANSLI DEPOCULUK A.Ş.,MERSİN,TARSUS
200,XFF,MAPA TARIM ÜRÜNLERİ LİSANSLI DEPOCULUK A.Ş.,KONYA,MERKEZ
201,XPI,MARDİN ÖZLER TARIM ÜRÜNLERİ LİSANSLI DEPOCULUK A.Ş. ,ŞANLIURFA,VİRANŞEHİR
202,MTD,MARDİN TARIM ÜRÜNLERİ LİSANSLI DEPOCULUK A.Ş. ,MARDİN,MARDİN
203,MLD,MARMARA BİRLİK TARIM ÜRÜNLERİ LİSANSLI DEPOCULUK A.Ş. ,BURSA,BAŞKÖY
204,MLD,MARMARA BİRLİK TARIM ÜRÜNLERİ LİSANSLI DEPOCULUK A.Ş. ,BALIKESİR,ERDEK
205,XLK,MARSAN GRUP TARIM ÜRÜNLERİ LİSANSLI DEPOCULUK A.Ş.,DİYARBAKIR,SUR
206,XEO,MATLI TARIM ÜRÜNLERİ LİSANSLI DEPOCULUK SANAYİ VE TİCARET A.Ş. ,TEKİRDAĞ,ÇORLU
207,XDR,MATLI TARIM ÜRÜNLERİ LİSANSLI DEPOCULUK SANAYİ VE TİCARET A.Ş. ,GAZİANTEP,ŞEHİTKAMİL
208,XBJ,MATLI TARIM ÜRÜNLERİ LİSANSLI DEPOCULUK SANAYİ VE TİCARET A.Ş. ,KONYA,MERKEZ
209,MAT,MATLI TARIM ÜRÜNLERİ LİSANSLI DEPOCULUK SANAYİ VE TİCARET A.Ş. ,BURSA,KARACABEY
210,XGO,MATLI TARIM ÜRÜNLERİ LİSANSLI DEPOCULUK SANAYİ VE TİCARET A.Ş. ,ANKARA,POLATLI
211,XLY,MEMİŞ OĞULLARI TARIM ÜRÜNLERİ LİSANSLI DEPOCULUK A.Ş,YOZGAT,BOĞAZLIYAN
212,XNM,MERT GÜL TARIM ÜRÜNLERİ LİSANSLI DEPOCULUK A.Ş.,ELAZIĞ,MERKEZ
213,XPY,MERZİFON ERTEM LİDAŞ TARIM ÜRÜNLERİ LİSANSLI DEPOCULUK A.Ş.,AMASYA,MERZİFON
214,XOI,MERZİFON GÜLBAHAR LİDAŞ TARIM ÜRÜNLERİ LİSANSLI DEPOCULUK A.Ş.,AMASYA,MERZİFON
215,XHZ,MERZİFON TARIM ÜRÜNLERİ LİSANSLI DEPOCULUK A.Ş. ,AMASYA,MERKEZ
216,XEM,MEZOPOTAMYA LİDAŞ TARIM ÜRÜNLERİ LİSANSLI DEPOCULUK A.Ş. ,MARDİN,MERKEZ
217,XRF,MİLL STAR LİDAŞ TARIM ÜRÜNLERİ LİSANSLI DEPOCULUK A.Ş.,KONYA,ÇELTİK
218,XMO,MİR AGRO LİDAŞ TARIM ÜRÜNLERİ LİSANSLI DEPOCULUK A.Ş.,VAN,TUŞBA
219,XJT,MK TARIM ÜRÜNLERİ LİSANSLI DEPOCULUK A.Ş.,ŞANLIURFA,EYYÜBİYE
220,XPP,MKARABURÇ TARIM ÜRÜNLERİ LİSANSLI DEPOCULUK A.Ş.,ŞANLIURFA,SİVEREK
221,XIJ,MSG LİDAŞ TARIM ÜRÜNLERİ LİSANSLI DEPOCULUK A.Ş.,DİYARBAKIR,MERKEZ
222,XMT,MUNZUR AGRO TARIM ÜRÜNLERİ LİSANSLI DEPOCULUK SAN. VE TİC. A.Ş.,TUNCELİ,MAZGİRT
223,MTL,MUTLU GRAİN TARIM ÜRÜNLERİ LİSANSLI DEPOCULUK A.Ş. ,GAZİANTEP,MERKEZ
224,MYS,MYSİLO TARIM ÜRÜNLERİ LİSANSLI DEPOCULUK A.Ş. ,AKSARAY,MERKEZ
225,MYS,MYSİLO TARIM ÜRÜNLERİ LİSANSLI DEPOCULUK A.Ş. ,KIRKLARELİ,MERKEZ
226,MYS,MYSİLO TARIM ÜRÜNLERİ LİSANSLI DEPOCULUK A.Ş. ,ESKİŞEHİR,MAHMUDİYE
227,MYS,MYSİLO TARIM ÜRÜNLERİ LİSANSLI DEPOCULUK A.Ş. ,YOZGAT,"ŞEFAATLİ,YERKÖY"
228,XKK,NARLI TARIM ÜRÜNLERİ LİSANSLI DEPOCULUK A.Ş.,KAHRAMANMARAŞ,PAZARCIK
229,XTU,NAROVA TARIM ÜRÜNLERİ LİSANSLI DEPOCULUK A.Ş.,KAHRAMANMARAŞ,MERKEZ
230,XUC,NAZIR ALICI TARIM ÜRÜNLERİ LİSANSLI DEPOCULUK A.Ş.,ÇORUM,İSKİLİP
231,XHG,NERGİZ AGRO TARIM ÜRÜNLERİ LİSANSLI DEPOCULUK A.Ş.,ADANA,MERKEZ
232,OBA,OBA LİDAŞ TARIM ÜRÜNLERİ LİSANSLI DEPOCULUK SANAYİ VE TİCARET A.Ş. ,GAZİANTEP,MERKEZ
233,XUG,OĞUZ LİDAŞ TARIM ÜRÜNLERİ LİSANSLI DEPOCULUK A.Ş.,ADANA,CEYHAN
234,XKG,OKURLAR LİDAŞ TARIM ÜRÜNLERİ LİSANSLI DEPOCULUK A.Ş.,AKSARAY,MERKEZ
235,XGE,ONURLAR AGRO TARIM ÜRÜNLERİ LİSANSLI DEPOCULUK A.Ş.,KONYA,MERKEZ
236,XIY,ÖNER LİDAŞ TARIM ÜRÜNLERİ LİSANSLI DEPOCULUK A.Ş.,MARDİN,MERKEZ
237,XOJ,ÖNTÜRK TARIM ÜRÜNLERİ LİSANSLI DEPOCULUK A.Ş.,HATAY,KIRIKHAN
238,XUF,ÖZ POLAT AGRO TARIM ÜRÜNLERİ LİSANSLI DEPOCULUK A.Ş.,KAHRAMANMARAŞ,AFŞİN
239,XJU,ÖZAKAN TARIM ÜRÜNLERİ LİSANSLI DEPOCULUK A.Ş.,KONYA,MERKEZ
240,XKB,ÖZB LİDAŞ TARIM ÜRÜNLERİ LİSANSLI DEPOCULUK A.Ş.,DİYARBAKIR,MERKEZ
241,XKV,ÖZDEMİRLER AGRO TARIM ÜRÜNLERİ LİSANSLI DEPOCULUK A.Ş.,AKSARAY,MERKEZ
242,OZK,ÖZEKİZLER AGRO TARIM ÜRÜNLERİ LİSANSLI DEPOCULUK A.Ş.,ADANA,SARIÇAM
243,XGI,ÖZERSOY TARIM ÜRÜNLERİ LİSANSLI DEPOCULUK A.Ş.,ANKARA,HAYMANA
244,XOC,ÖZERSOY TARIM ÜRÜNLERİ LİSANSLI DEPOCULUK A.Ş.,EDİRNE,HAVSA
245,XNO,ÖZGENÇ LİDAŞ TARIM ÜRÜNLERİ LİSANSLI DEPOCULUK A.Ş.,ESKİŞEHİR,MAHMUDİYE
246,OZM,ÖZMEN HUBUBAT TARIM ÜRÜNLERİ LİSANSLI DEPOCULUK A.Ş. ,GAZİANTEP,MERKEZ
247,XPG,ÖZMİRİOĞLU LİDAŞ TARIM ÜRÜNLERİ LİSANSLI DEPOCULUK A.Ş.,HATAY,BELEN
248,XPN,ÖZNER LİDAŞ TARIM ÜRÜNLERİ LİSANSLI DEPOCULUK A.Ş.,DİYARBAKIR,BİSMİL
249,XHP,ÖZPERVANE AGRO TARIM ÜRÜNLERİ LİSANSLI DEPOCULUK A.Ş. ,DİYARBAKIR,MERKEZ
250,XPK,ÖZTAÇ TARIM ÜRÜNLERİ LİSANSLI DEPOCULUK A.Ş.,ŞANLIURFA,EYYÜBİYE
251,XJZ,PAMUKKALE TARIM ÜRÜNLERİ LİSANSLI DEPOCULUK A.Ş.,DENİZLİ,MERKEZ
252,XMI,PAMUKKALE TARIM ÜRÜNLERİ LİSANSLI DEPOCULUK A.Ş.,UŞAK,MERKEZ
253,XLD,PAMUKKALE TARIM ÜRÜNLERİ LİSANSLI DEPOCULUK A.Ş. ,DENİZLİ,ACIPAYAM
254,XTZ,PAMUKKALE TARIM ÜRÜNLERİ LİSANSLI DEPOCULUK A.Ş. ,DENİZLİ,TAVAS
255,XML,PAMUKKALE TARIM ÜRÜNLERİ LİSANSLI DEPOCULUK A.Ş. ,DENİZLİ,BAKLAN
256,XHV,POLAT AGRO TARIM ÜRÜNLERİ LİSANSLI DEPOCULUK A.Ş. ,NEVŞEHİR,KOZAKLI
257,XFT,POLAT AGRO TARIM ÜRÜNLERİ LİSANSLI DEPOCULUK A.Ş. ,YOZGAT,ÖZLER
258,PLT,POLAT AGRO TARIM ÜRÜNLERİ LİSANSLI DEPOCULUK A.Ş. ,YOZGAT,MERKEZ
259,XUI,POLAT AGRO TARIM ÜRÜNLERİ LİSANSLI DEPOCULUK A.Ş. ,NEVŞEHİR,HACIBEKTAŞ
260,XFB,POLER URFA TARIM ÜRÜNLERİ LİSANSLI DEPOCULUK A.Ş.,ŞANLIURFA,MERKEZ
261,XIE,POLER URFA TARIM ÜRÜNLERİ LİSANSLI DEPOCULUK A.Ş. ,MARDİN,DERİK
262,XOM,POLER URFA TARIM ÜRÜNLERİ LİSANSLI DEPOCULUK A.Ş. ,ŞANLIURFA,EYYÜBİYE
263,PTB,PTB TARIM ÜRÜNLERİ LİSANSLI DEPOCULUK A.Ş. ,ANKARA,POLATLI
264,XIH,RAMAZANOĞULLARI AGRO TARIM ÜRÜNLERİ LİSANSLI DEPOCULUK A.Ş.,ADANA,MERKEZ
265,RNF,RANA FARM TARIM ÜRÜNLERİ LİSANSLI DEPOCULUK A.Ş. ,KARAMAN,MERKEZ
266,XGP,REKOLTE TARIM ÜRÜNLERİ LİSANSLI DEPOCULUK A.Ş.,KONYA,MERKEZ
267,RUT,RUHBAŞ TARIM ÜRÜNLERİ LİSANSLI DEPOCULUK A.Ş. ,KAYSERİ,MERKEZ
268,SFT,SAFİRTAŞ TARIM ÜRÜNLERİ LİSANSLI DEPOCULUK A.Ş. ,KAHRAMANMARAŞ,MERKEZ
269,XJG,SAKARYA TB TARIM ÜRÜNLERİ LİSANSLI DEPOCULUK A.Ş.,SAKARYA,MERKEZ
270,XGA,SALUVAN LİDAŞ TARIM ÜRÜNLERİ LİSANSLI DEPOCULUK A.Ş.,SİİRT,MERKEZ
271,STL,SANDIKÇI TARIM ÜRÜNLERİ LİSANSLI DEPOCULUK A.Ş. ,ADANA,MERKEZ
272,SRC,SARAÇ HUBUBAT TARIM ÜRÜNLERİ LİSANSLI DEPOCULUK SANAYİ VE TİCARET A.Ş.,KONYA,"MERKEZ, BEYŞEHİR"
273,XEK,SARAYLI TARIM ÜRÜNLERİ LİSANSLI DEPOCULUK A.Ş. ,YOZGAT,MERKEZ
274,XHI,SARILAR LİDAŞ TARIM ÜRÜNLERİ LİSANSLI DEPOCULUK A.Ş.,ADANA,MERKEZ
275,XNV,SAVRANLAR TARIM ÜRÜNLERİ LİSANSLI DEPO A.Ş.,AKSARAY,ESKİL
276,XPB,SAYHAN AGRO TARIM ÜRÜNLERİ LİSANSLI DEPOCULUK A.Ş.,MARDİN,DERİK
277,XGH,SENTİNUS TARIM ÜRÜNLERİ LİSANSLI DEPOCULUK A.Ş.,KAYSERİ,SARIOĞLAN
278,XHH,SENTİNUS TARIM ÜRÜNLERİ LİSANSLI DEPOCULUK A.Ş. ,ŞANLIURFA,MERKEZ
279,XIG,SERHAT LİDAŞ TARIM ÜRÜNLERİ LİSANSLI DEPOCULUK A.Ş.,DİYARBAKIR,MERKEZ
280,XNC,SİLOPİ LİDAŞ TARIM ÜRÜNLERİ LİSANSLI DEPOCULUK A.Ş.,ŞIRNAK,SİLOPİ
281,XNA,SİLVAN MSG LİDAŞ TARIM ÜRÜNLERİ LİSANSLI DEPOCULUK A.Ş.,DİYARBAKIR,SİLVAN
282,XII,SİLVAN VARLIK TARIM ÜRÜNLERİ LİSANSLI DEPOCULUK SANAYİ VE TİCARET A.Ş.,DİYARBAKIR,MERKEZ
283,SLT,SİVAS LİDAŞ TARIM ÜRÜNLERİ LİSANSLI DEPOCULUK A.Ş. ,SİVAS,MERKEZ
284,XKY,SİYEZ TARIM ÜRÜNLERİ LİSANSLI DEPOCULUK A.Ş.,MARDİN,KIZILTEPE
285,SNM,SÖNMEZLERAGRO TARIM ÜRÜNLERİ LİSANSLI DEPOCULUK A.Ş. ,ADANA,YÜREĞİR 
286,XMM,SUNAR LİDAŞ TARIM ÜRÜNLERİ LİSANSLI DEPOCULUK A.Ş.,KONYA,SELÇUKLU
287,XOT,SÜLEYMANOĞLU LİDAŞ TARIM ÜRÜNLERİ LİSANSLI DEPOCULUK A.Ş.,DİYARBAKIR,BİSMİL
288,XPE,SÜLOĞLU TARIM ÜRÜNLERİ LİSANSLI DEPOCULUK A.Ş.,EDİRNE,SÜLOĞLU
289,XKN,SÜPERSON TARIM ÜRÜNLERİ LİSANSLI DEPOCULUK A.Ş.,ANKARA,POLATLI
290,XDU,ŞANLIURFA PAMUK TARIM ÜRÜNLERİ LİSANSLI DEPOCULUK A.Ş. ,ŞANLIURFA,MERKEZ
291,XHE,ŞENLİDAŞ TARIM ÜRÜNLERİ LİSANSLI DEPOCULUK A.Ş.,ŞANLIURFA,MERKEZ
292,XOP,ŞENLİDAŞ TARIM ÜRÜNLERİ LİSANSLI DEPOCULUK A.Ş.,ŞANLIURFA,KOÇÖREN
293,XJS,ŞEVGİNLER TARIM ÜRÜNLERİ LİSANSLI DEPOCULUK A.Ş.,VAN,MERKEZ
294,XMR,ŞEVGİNLER TARIM ÜRÜNLERİ LİSANSLI DEPOCULUK A.Ş.,MUŞ,BULANIK
295,SML,ŞİMALA TARIM ÜRÜNLERİ LİSANSLI DEPOCULUK SANAYİ VE TİCARET A.Ş. ,KONYA,MERKEZ
296,STU,ŞİMŞEKLİ TARIM ÜRÜNLERİ LİSANSLI DEPOCULUK SANAYİ VE TİCARET A.Ş. ,KONYA,MERKEZ
297,XRB,TAKIMCI LİDAŞ TARIM ÜRÜNLERİ LİSANSLI DEPOCULUK A.Ş.,KONYA,KADINHANI
298,XJV,TANELSAN TARIM ÜRÜNLERİ LİSANSLI DEPOCULUK A.Ş.,DİYARBAKIR,MERKEZ
299,XOS,TARİŞ ÜZÜM TARIM ÜRÜNLERİ LİSANSLI DEPOCULUK A.Ş.,İZMİR,KEMALPAŞA
300,XFM,TARSUS TİCARET BORSASI TARIM ÜRÜNLERİ LİSANSLI DEPOCULUK A.Ş.,MERSİN,MERKEZ
301,XOR,TAŞKIRAN LİDAŞ TARIM ÜRÜNLERİ LİSANSLI DEPOCULUK A.Ş.,KONYA,ÇUMRA
302,XIS,TAVŞU LİDAŞ TARIM ÜRÜNLERİ LİSANSLI DEPOCULUK A.Ş.,ŞANLIURFA,MERKEZ
303,XTY,TEAM TARIM ÜRÜNLERİ LİSANSLI DEPOCULUK A.Ş.,ESKİŞEHİR,ALPU
304,XMK,TEAM TARIM ÜRÜNLERİ LİSANSLI DEPOCULUK A.Ş.,KONYA,KARAPINAR
305,XLE,TEAM TARIM ÜRÜNLERİ LİSANSLI DEPOCULUK A.Ş.,OSMANİYE,KADİRLİ
306,XGB,TEKA TARIM ÜRÜNLERİ LİSANSLI DEPOCULUK A.Ş.,KIRIKKALE,MERKEZ
307,XGB,TEKA TARIM ÜRÜNLERİ LİSANSLI DEPOCULUK A.Ş.,ANKARA,BALA
308,TKB,TEKBAŞLAR TARIM ÜRÜNLERİ LİSANSLI DEPOCULUK A.Ş. ,ADANA,MERKEZ
309,XRP,TEKCAN TARIM ÜRÜNLERİ LİSANSLI DEPOCULUK A.Ş.,EDİRNE,KEŞAN
310,XGR,TEKİN LİDAŞ TARIM ÜRÜNLERİ LİSANSLI DEPOCULUK A.Ş. ,BATMAN,OSB
311,XFN,TEKİN LİDAŞ TARIM ÜRÜNLERİ LİSANSLI DEPOCULUK A.Ş. ,ADIYAMAN,BESNİ
312,TLT,TEKİN LİDAŞ TARIM ÜRÜNLERİ LİSANSLI DEPOCULUK A.Ş. ,BATMAN ,MERKEZ
313,XFK,TEKNİK AGRO TARIM ÜRÜNLERİ LİSANSLI DEPOCULUK A.Ş.,MANİSA,MERKEZ
314,XIO,TEZ TARIM ÜRÜNLERİ LİSANSLI DEPOCULUK A.Ş.,ADANA,MERKEZ
315,TZC,TEZCAN TARIM ÜRÜNLERİ LİSANSLI DEPOCULUK A.Ş. ,KONYA,ÇELTİK
316,XJA,TİGRİS GAP TARIM ÜRÜNLERİ LİSANSLI DEPOCULUK A.Ş.,DİYARBAKIR,MERKEZ
317,XOO,TİGRİS GAP TARIM ÜRÜNLERİ LİSANSLI DEPOCULUK A.Ş.,DİYARBAKIR,ERGANİ
318,XNN,TİRYAKİ TARIM ÜRÜNLERİ LİSANSLI DEPO SAN. TİC. A.Ş. ,MUŞ,MERKEZ
319,TYT,TİRYAKİ TARIM ÜRÜNLERİ LİSANSLI DEPOCULUK A.Ş. ,GAZİANTEP,MERKEZ
320,TYT,TİRYAKİ TARIM ÜRÜNLERİ LİSANSLI DEPOCULUK A.Ş. ,BALIKESİR,BANDIRMA
321,TYT,TİRYAKİ TARIM ÜRÜNLERİ LİSANSLI DEPOCULUK A.Ş. ,ÇORUM,MERKEZ
322,TYT,TİRYAKİ TARIM ÜRÜNLERİ LİSANSLI DEPOCULUK A.Ş. ,MERSİN,MERKEZ
323,XFW,TMO-TOBB TARIM ÜRÜNLERİ LİSANSLI DEPOCULUK SANAYİ VE TİCARET A.Ş. ,KIRKLARELİ,BABAESKİ
324,XHB,TMO-TOBB TARIM ÜRÜNLERİ LİSANSLI DEPOCULUK SANAYİ VE TİCARET A.Ş. ,ÇORUM,MERKEZ
325,XHN,TMO-TOBB TARIM ÜRÜNLERİ LİSANSLI DEPOCULUK SANAYİ VE TİCARET A.Ş. ,TEKİRDAĞ,HAYRABOLU
326,XFV,TMO-TOBB TARIM ÜRÜNLERİ LİSANSLI DEPOCULUK SANAYİ VE TİCARET A.Ş. ,KIRIKKALE,KESKİN
327,XED,TMO-TOBB TARIM ÜRÜNLERİ LİSANSLI DEPOCULUK SANAYİ VE TİCARET A.Ş. ,EDİRNE,KEŞAN
328,XGY,TMO-TOBB TARIM ÜRÜNLERİ LİSANSLI DEPOCULUK SANAYİ VE TİCARET A.Ş. ,MALATYA,MERKEZ
329,TTD,TMO-TOBB TARIM ÜRÜNLERİ LİSANSLI DEPOCULUK SANAYİ VE TİCARET A.Ş. ,KIRŞEHİR,MUCUR
330,XEE,TMO-TOBB TARIM ÜRÜNLERİ LİSANSLI DEPOCULUK SANAYİ VE TİCARET A.Ş. ,YOZGAT,SARIKAYA
331,TOP,TOPRAK TARIM ÜRÜNLERİ LİSANSLI DEPOCULUK A.Ş. ,KARAMAN,"MERKEZ,KKARABEKİR"
332,TOP,TOPRAK TARIM ÜRÜNLERİ LİSANSLI DEPOCULUK A.Ş. ,KONYA,"ALTINEKİN, KADINHANI"
333,XLP,TOSUN HUBUBAT TARIM ÜRÜNLERİ LİSANSLI DEPOCULUK A.Ş. ,KIRIKKALE,BALIŞEYH
334,TET,TRAKYA EVREN TARIM ÜRÜNLERİ LİSANSLI DEPOCULUK A.Ş. ,EDİRNE,KEŞAN
335,TET,TRAKYA EVREN TARIM ÜRÜNLERİ LİSANSLI DEPOCULUK A.Ş. ,TEKİRDAĞ,MERKEZ
336,XJM,TÜRKMEN LİDAŞ TARIM ÜRÜNLERİ LİSANSLI DEPOCULUK A.Ş. ,KONYA,MERKEZ
337,XHC,TZN TARIM ÜRÜNLERİ LİSANSLI DEPOCULUK A.Ş.,AKSARAY,ESKİL
338,XOA,TZN TARIM ÜRÜNLERİ LİSANSLI DEPOCULUK A.Ş.,KONYA,KARATAY
339,XJH,UÇAK TARIM ÜRÜNLERİ LİSANSLI DEPOCULUK A.Ş. ,AYDIN,MERKEZ
340,XJI,ULİDAŞ TARIM ÜRÜNLERİ LİSANSLI DEPOCULUK SANAYİ VE TİCARET A.Ş. ,KIRIKKALE,ÇERİKLİ
341,XBM,ULİDAŞ TARIM ÜRÜNLERİ LİSANSLI DEPOCULUK SANAYİ VE TİCARET A.Ş. ,YOZGAT,SORGUN
342,XBM,ULİDAŞ TARIM ÜRÜNLERİ LİSANSLI DEPOCULUK SANAYİ VE TİCARET A.Ş. ,ÇORUM,ALACA
343,XKA,ULİDAŞ TARIM ÜRÜNLERİ LİSANSLI DEPOCULUK SANAYİ VE TİCARET A.Ş. ,AYDIN,GERMENCİK
344,XLZ,UMUT LİDAŞ TARIM ÜRÜNLERİ LİSANSLI DEPOCULUK A.Ş.,OSMANİYE,MERKEZ
345,XRK,UNEX LİDAŞ TARIM ÜRÜNLERİ LİSANSLI DEPOCULUK A.Ş.,TEKİRDAĞ,SÜLEYMANPAŞA
346,UNS,UNSAN TARIM ÜRÜNLERİ LİSANSLI DEPOCULUK SANAYİ VE TİCARET A.Ş. ,MARDİN ,MERKEZ
347,XPV,UTEK ESER TARIM ÜRÜNLERİ LİSANSLI DEPOCULUK A.Ş.,KONYA,ILGIN
348,XHT,VENÜS SİLO TARIM ÜRÜNLERİ LİSANSLI DEPOCULUK A.Ş.,MARDİN,MERKEZ
349,XFP,VİRANŞEHİR LİDAŞ TARIM ÜRÜNLERİ LİSANSLI DEPOCULUK A.Ş.,ŞANLIURFA,MERKEZ
350,YAL,YALNIZLAR AGRO TARIM ÜRÜNLERİ LİSANSLI DEPOCULUK A.Ş. ,KONYA,MERKEZ
351,XMJ,YALNIZLAR AGRO TARIM ÜRÜNLERİ LİSANSLI DEPOCULUK A.Ş. ,KONYA,KARAPINAR
352,XND,YASİN ATMACA TARIM ÜRÜNLERİ LİSANSLI DEPOCULUK A.Ş.,ŞANLIURFA,VİRANŞEHİR
353,XNG,YEKSAM TARIM ÜRÜNLERİ LİSANSLI DEPOCULUK A.Ş.,SAMSUN,ATAKUM
354,XJY,YENİPAZAR TARIM ÜRÜNLERİ LİSANSLI DEPOCULUK A.Ş. ,KIRŞEHİR,KAMAN
355,XEL,YENİPAZAR TARIM ÜRÜNLERİ LİSANSLI DEPOCULUK A.Ş. ,YOZGAT,MERKEZ
356,XRN,YENİPAZAR TARIM ÜRÜNLERİ LİSANSLI DEPOCULUK A.Ş. ,SİVAS,ULAŞ
357,XET,YİĞİT AGRO TARIM ÜRÜNLERİ LİSANSLI DEPOCULUK A.Ş.,ŞANLIURFA,MERKEZ
358,XLC,YİĞİT AGRO TARIM ÜRÜNLERİ LİSANSLI DEPOCULUK A.Ş. ,ŞANLIURFA,EYYÜBİYE
359,XRA,YİĞİT AGRO TARIM ÜRÜNLERİ LİSANSLI DEPOCULUK A.Ş. ,ESKİŞEHİR,ODUNPAZARI
360,XFO,YİĞİTLER AGRO TARIM ÜRÜNLERİ LİSANSLI DEPOCULUK A.Ş.,MARDİN,MERKEZ
361,XRR,YÖRÜKOĞLU KARDEŞLER LİDAŞ TARIM ÜRÜNLERİ LİSANSLI DEPOCULUK A.Ş.,ADANA,CEYHAN
362,XOG,YURTTAŞLAR AGRO TARIM ÜRÜNLERİ LİSANSLI DEPOCULUK A.Ş.,NEVŞEHİR,HACIBEKTAŞ
363,YUS,YUSUF ZENGİN TARIM ÜRÜNLERİ LİSANSLI DEPOCULUK A.Ş.,KONYA,MERKEZ
364,XKO,YUSUF ZENGİN TARIM ÜRÜNLERİ LİSANSLI DEPOCULUK A.Ş.,KONYA,ORGANİZE
365,XGN,ZD LİDAŞ TARIM ÜRÜNLERİ LİSANSLI DEPOCULUK A.Ş.,SİİRT,MERKEZ
366,XKP,ZEN GLOBAL TARIM ÜRÜNLERİ LİSANSLI DEPOCULUK A.Ş.,ŞANLIURFA,VİRANŞEHİR
367,XIT,ZEROVA ASSA LİDAŞ TARIM ÜRÜNLERİ LİSANSLI DEPOCULUK A.Ş.,GAZİANTEP,MERKEZ
368,XLU,ZİYA TARIM ÜRÜNLERİ LİSANSLI DEPOCULUK A.Ş. ,KIRKLARELİ,LÜLEBURAZ
