lidas,il,ilce,toplam_hacim_tl,toplam_miktar_ton,islem_sayisi,urun_cesidi
"BAĞIŞLAR TARIM ÜRÜNLERİ LİSANSLI DEPOCULUK A.Ş.",ADANA,İMAMOĞLU,162380250,13223.5,17,4
"RAMAZANOĞULLARI AGRO TARIM ÜRÜNLERİ LİSANSLI DEPOCULUK A.Ş.",ADANA,CEYHAN,129007972,10554.7,3,1
"NERGİZ AGRO TARIM ÜRÜNLERİ LİSANSLI DEPOCULUK A.Ş.",ADANA,KOZAN,128966678,10564.7,3,1
"AKGÜLLER TAHIL TARIM ÜRÜNLERİ LİSANSLI DEPOCULUK A.Ş.",ADANA,CEYHAN,89574495,7325.4,2,1
"KAYA LİDAŞ TARIM ÜRÜNLERİ LİSANSLI DEPOCULUK A.Ş.",MERSİN,TARSUS,85298742,6623.0,27,4
"SENTİNUS TARIM ÜRÜNLERİ LİSANSLI DEPOCULUK A.Ş.",ŞANLIURFA,HİLVAN,71128267,4392.8,16,3
"SÜPERSON TARIM ÜRÜNLERİ LİSANSLI DEPOCULUK A.Ş.",ANKARA,POLATLI,59234824,4080.8,29,3
"UMUT LİDAŞ TARIM ÜRÜNLERİ LİSANSLI DEPOCULUK A.Ş.",OSMANİYE,MERKEZ,52034623,4265.1,1,1
"OĞUZ LİDAŞ TARIM ÜRÜNLERİ LİSANSLI DEPOCULUK A.Ş.",ADANA,CEYHAN,46370546,3799.6,2,1
"ÖZTAÇ TARIM ÜRÜNLERİ LİSANSLI DEPOCULUK A.Ş.",ŞANLIURFA,EYYÜBİYE,45919407,2751.9,18,2
"ANADOLU SELÇUKLU TARIM ÜRÜNLERİ LİSANSLI DEPOCULUK A.Ş.",KONYA,KPINAR,43843878,3316.4,17,8
"YUSUF ZENGİN TARIM ÜRÜNLERİ LİSANSLI DEPOCULUK A.Ş.",KONYA,KPINAR,41787557,2600.1,12,3
"TEAM TARIM ÜRÜNLERİ LİSANSLI DEPOCULUK A.Ş.",OSMANİYE,KADİRLİ,39941845,3256.1,3,1
"ER MAKİNE TARIM ÜRÜNLERİ LİSANSLI DEPOCULUK A.Ş.",ADANA,KOZAN,36295911,2970.7,3,1
"ŞİMŞEKLİ TARIM ÜRÜNLERİ LİSANSLI DEPOCULUK SANAYİ VE TİCARET A.Ş.",KONYA,KPINAR,35496122,2479.1,26,5
"GAP ŞANLIURFA TARIM ÜRÜNLERİ LİSANSLI DEPOCULUK A.Ş.",ŞANLIURFA,EYYÜBİYE,34230033,2117.0,23,5
"KÖSEOĞLU AGRO TARIM ÜRÜNLERİ LİSANSLI DEPOCULUK A.Ş.",ADANA,YÜREĞİR,32935829,2403.7,13,4
"GRAİN TARIM ÜRÜNLERİ LİSANSLI DEPOCULUK A.Ş.",HATAY,KIRIKHAN,32934289,2691.7,5,3
"AVS AGRO TARIM ÜRÜNLERİ LİSANSLI DEPOCULUK A.Ş.",KONYA,ÇUMRA,30069220,2297.0,13,1
"TAŞKIRAN LİDAŞ TARIM ÜRÜNLERİ LİSANSLI DEPOCULUK A.Ş.",KONYA,ÇUMRA,29481304,2358.5,13,2
"SARILAR LİDAŞ TARIM ÜRÜNLERİ LİSANSLI DEPOCULUK A.Ş.",ADANA,KİSALI,29160309,2325.2,7,3
"ÇELİKOĞULLARI LİDAŞ TARIM ÜRÜNLERİ LİSANSLI DEPOCULUK A.Ş.",DİYARBAKIR,EĞİL,28983640,2453.5,12,2
"TRAKYA EVREN TARIM ÜRÜNLERİ LİSANSLI DEPOCULUK A.Ş.",TEKİRDAĞ,SPAŞA,25945246,1667.2,27,2
"ÖZEKİZLER AGRO TARIM ÜRÜNLERİ LİSANSLI DEPOCULUK A.Ş.",ADANA,SARIÇAM,25033782,2010.5,4,2
"KOÇAKER LİDAŞ TARIM ÜRÜNLERİ LİSANSLI DEPOCULUK A.Ş.",KONYA,KARATAY,23403916,1697.5,25,6
"ATABEY LİDAŞ TARIM ÜRÜNLERİ LİSANSLI DEPOCULUK A.Ş.",DİYARBAKIR,ÇINAR,22679281,1922.0,1,1
"BİZİM TARIM ÜRÜNLERİ LİSANSLI DEPOCULUK A.Ş.",KARAMAN,MERKEZ,22275943,1616.8,19,4
"UNSAN TARIM ÜRÜNLERİ LİSANSLI DEPOCULUK SANAYİ VE TİCARET A.Ş.",MARDİN,ARTUKLU,20907618,1771.8,3,1
"AKCAN LİDAŞ TARIM ÜRÜNLERİ LİSANSLI DEPOCULUK A.Ş.",MARDİN,KTEPE,20457236,1676.2,5,1
"GÖZÜKARA AGRO TARIM ÜRÜNLERİ LİSANSLI DEPOCULUK A.Ş.",ADANA,YÜREĞİR,19135648,1526.2,2,2
"SÖNMEZLERAGRO TARIM ÜRÜNLERİ LİSANSLI DEPOCULUK A.Ş.",ADANA,YÜREĞİR,18976587,1519.6,4,1
"TOPRAK TARIM ÜRÜNLERİ LİSANSLI DEPOCULUK A.Ş.",KONYA,KHANI,18430748,1479.5,12,5
"ANADOLU SELÇUKLU TARIM ÜRÜNLERİ LİSANSLI DEPOCULUK A.Ş.",KONYA,KARATAY,17352011,1215.7,19,6
"ÇUKUROVATOPRAK TARIM ÜRÜNLERİ LİSANSLI DEPOCULUK A.Ş.",ADANA,KARATAŞ,16273552,1298.8,6,1
"DOĞAL TAT AGRO TARIM ÜRÜNLERİ LİSANSLI DEPOCULUK A.Ş.",ŞANLIURFA,EYYÜBİYE,15195654,1147.1,5,2
"İSMAİL HAKAN BALTAOĞLU TARIM ÜRÜNLERİ LİSANSLI DEPOCULUK A.Ş.",KONYA,KPINAR,15122240,1028.8,21,5
"REKOLTE TARIM ÜRÜNLERİ LİSANSLI DEPOCULUK A.Ş.",KONYA,YUNAK,13064769,1068.1,7,3
"HİKMET ŞEFLEK TARIM ÜRÜNLERİ LİSANSLI DEPOCULUK A.Ş.",KONYA,SARAYÖNÜ,12874479,1043.6,5,2
"YİĞİTLER AGRO TARIM ÜRÜNLERİ LİSANSLI DEPOCULUK A.Ş.",MARDİN,KTEPE,12594667,1067.1,4,1
"SİLOPİ LİDAŞ TARIM ÜRÜNLERİ LİSANSLI DEPOCULUK A.Ş.",ŞIRNAK,SİLOPİ,11768140,997.3,1,1
"TEKBAŞLAR TARIM ÜRÜNLERİ LİSANSLI DEPOCULUK A.Ş.",ADANA,YÜREĞİR,11422238,884.2,10,3
"KAİNAT TARIM ÜRÜNLERİ LİSANSLI DEPOCULUK A.Ş.",KARAMAN,MERKEZ,10867330,822.2,12,3
"ANADOLU SELÇUKLU TARIM ÜRÜNLERİ LİSANSLI DEPOCULUK A.Ş.",KONYA,ÇUMRA,9612370,684.0,10,1
"TOPRAK TARIM ÜRÜNLERİ LİSANSLI DEPOCULUK A.Ş.",KARAMAN,KKBEKIR,9061229,619.4,8,2
"MARDİN ÖZLER TARIM ÜRÜNLERİ LİSANSLI DEPOCULUK A.Ş.",ŞANLIURFA,VŞEHİR,8996370,548.8,2,1
"MAKSOY TARIM ÜRÜNLERİ LİSANSLI DEPOCULUK A.Ş.",MERSİN,TARSUS,8251209,666.9,2,1
"ALTINBİLEK TARIM ÜRÜNLERİ LİSANSLI DEPOCULUK A.Ş.",ESKİŞEHİR,ALPU,8068478,566.3,12,4
"EDİRNE TARIM ÜRÜNLERİ LİSANSLI DEPOCULUK A.Ş.",EDİRNE,MERKEZ,7853387,526.3,23,3
"ŞENLİDAŞ TARIM ÜRÜNLERİ LİSANSLI DEPOCULUK A.Ş.",ŞANLIURFA,EYYÜBİYE,7843850,461.9,4,2
"RANA FARM TARIM ÜRÜNLERİ LİSANSLI DEPOCULUK A.Ş.",KARAMAN,MERKEZ,7279915,509.9,10,2
"ALTINAGRO TARIM ÜRÜNLERİ LİSANSLI DEPOCULUK A.Ş.",ADANA,CEYHAN,6789988,478.5,11,2
"TARSUS TİCARET BORSASI TARIM ÜRÜNLERİ LİSANSLI DEPOCULUK A.Ş.",MERSİN,TARSUS,6194508,460.7,3,1
"MİLL STAR LİDAŞ TARIM ÜRÜNLERİ LİSANSLI DEPOCULUK A.Ş.",KONYA,ÇELTİK,6093638,411.5,16,6
"LARENDE TARIM ÜRÜNLERİ LİSANSLI DEPOCULUK A.Ş.",KARAMAN,MERKEZ,5995174,446.2,6,1
"KAYSERİ ŞEKER TARIM ÜRÜNLERİ LİSANSLI DEPOCULUK A.Ş.",YOZGAT,BLIYAN,5708653,435.5,20,5
"DİCLE İPEKYOLU TARIM ÜRÜNLERİ LİSANSLI DEPOCULUK A.Ş.",MARDİN,KTEPE,5622936,476.5,1,1
"MERZİFON TARIM ÜRÜNLERİ LİSANSLI DEPOCULUK A.Ş.",AMASYA,MERZİFON,5447616,498.8,4,2
"TOPRAK TARIM ÜRÜNLERİ LİSANSLI DEPOCULUK A.Ş.",KONYA,ÇUMRA,5380870,411.8,4,1
"DURAK TARIM ÜRÜNLERİ LİSANSLI DEPOCULUK A.Ş.",DİYARBAKIR,BİSMİL,5195965,440.3,1,1
"HİCAZ TARIM ÜRÜNLERİ LİSANSLI DEPOCULUK A.Ş.",TEKİRDAĞ,ÇORLU,5125269,323.5,9,2
"PTB TARIM ÜRÜNLERİ LİSANSLI DEPOCULUK A.Ş.",ANKARA,POLATLI,5106116,310.9,7,4
"KAHVECİ AGRO TARIM ÜRÜNLERİ LİSANSLI DEPOCULUK SANAYİ TİCARET A.Ş.",KONYA,SARAYÖNÜ,5057185,366.6,10,5
"LÜLEBURGAZ TARIM ÜRÜNLERİ LİSANSLI DEPOCULUK A.Ş.",KIRKLARELİ,LBURGAZ,4950242,326.4,11,2
"KARAMAN TİCARET BORSASI TARIM ÜRÜNLERİ LİSANSLI DEPOCULUK A.Ş.",KARAMAN,MERKEZ,4320005,310.5,6,4
"AYDINLAR AGRO TARIM ÜRÜNLERİ LİSANSLI DEPOCULUK A.Ş.",ADANA,KARATAŞ,4280850,309.0,3,1
"ATB ÇUKUROVA TARIM ÜRÜNLERİ LİSANSLI DEPOCULUK A.Ş.",ADANA,YÜREĞİR,4239500,347.5,1,1
"ESLİDAŞ TARIM ÜRÜNLERİ LİSANSLI DEPOCULUK SANAYİ VE TİCARET A.Ş.",EDİRNE,UZKÖPRÜ,4164368,259.2,11,2
"KENAN ECER TARIM ÜRÜNLERİ LİSANSLI DEPOCULUK A.Ş.",KONYA,EMİRGAZİ,4078800,333.0,3,1
"VİRANŞEHİR LİDAŞ TARIM ÜRÜNLERİ LİSANSLI DEPOCULUK A.Ş.",ŞANLIURFA,VŞEHİR,4035516,241.5,5,2
"TEAM TARIM ÜRÜNLERİ LİSANSLI DEPOCULUK A.Ş.",ESKİŞEHİR,ALPU,4032410,282.2,4,3
"POLAT AGRO TARIM ÜRÜNLERİ LİSANSLI DEPOCULUK A.Ş.",YOZGAT,BLIYAN,3840553,291.3,34,7
"KIZILKAYA LİDAŞ TARIM ÜRÜNLERİ LİSANSLI DEPOCULUK A.Ş.",ŞANLIURFA,EYYÜBİYE,3791153,224.9,4,1
"İSMAİL HAKKI KUMARTAŞLI TARIM ÜRÜNLERİ LİSANSLI DEPOCULUK A.Ş.",AFYONKARAHİSAR,EMİRDAĞ,3781914,278.1,4,2
"TEAM TARIM ÜRÜNLERİ LİSANSLI DEPOCULUK A.Ş.",KONYA,KPINAR,3724500,304.4,2,2
"ALTINBİLEK TARIM ÜRÜNLERİ LİSANSLI DEPOCULUK A.Ş.",ESKİŞEHİR,ÇİFTELER,3713381,266.7,4,3
"TOPRAK TARIM ÜRÜNLERİ LİSANSLI DEPOCULUK A.Ş.",KONYA,AEKİN,3600432,270.9,6,3
"YENİ PAZAR TARIM ÜRÜNLERİ LİSANSLI DEPOCULUK A.Ş.",YOZGAT,BLIYAN,3559695,263.6,21,5
"ANADOLU SELÇUKLU TARIM ÜRÜNLERİ LİSANSLI DEPOCULUK A.Ş.",KONYA,YUNAK,3465002,247.6,13,4
"AĞALAR TARIM ÜRÜNLERİ LİSANSLI DEPOCULUK A.Ş.",KONYA,KARATAY,3370616,276.3,1,1
"ŞİMALA TARIM ÜRÜNLERİ LİSANSLI DEPOCULUK SANAYİ VE TİCARET A.Ş.",KONYA,KARATAY,3287612,199.9,3,3
"TMO TOBB TARIM ÜRÜNLERİ LİSANSLI DEPOCULUK SANAYİ VE TİCARET A.Ş.",KIRKLARELİ,BABAESKİ,3045981,227.8,5,4
"KAİNAT TARIM ÜRÜNLERİ LİSANSLI DEPOCULUK A.Ş.",TEKİRDAĞ,ERGENE,2882854,182.8,6,3
"HACI EMİN TARIM ÜRÜNLERİ LİSANSLI DEPOCULUK A.Ş.",BATMAN,MERKEZ,2842065,240.9,1,1
"AŞIROĞULLARI LİDAŞ TARIM ÜRÜNLERİ LİSANSLI DEPOCULUK A.Ş.",KONYA,CBEYLİ,2769888,227.0,1,1
"GK LİDAŞ TARIM ÜRÜNLERİ LİSANSLI DEPOCULUK A.Ş.",OSMANİYE,KADİRLİ,2716250,205.0,2,1
"İZZETTİN DENKTAŞ LİDAŞ TARIM ÜRÜNLERİ LİSANSLI DEPOCULUK A.Ş.",DİYARBAKIR,EĞİL,2678600,227.0,1,1
"ALTUNTAŞ TARIM ÜRÜNLERİ LİSANSLI DEPOCULUK A.Ş.",AKSARAY,AĞAÇÖREN,2614406,206.1,10,3
"BANDIRMA BORSA TARIM ÜRÜNLERİ LİSANSLI DEPOCULUK A.Ş.",BALIKESİR,BANDIRMA,2425420,157.7,6,1
"SAVRANLAR TARIM ÜRÜNLERİ LİSANSLI DEPOCULUK A.Ş.",AKSARAY,ESKİL,2404132,197.1,1,1
"ÖNTÜRK TARIM ÜRÜNLERİ LİSANSLI DEPOCULUK A.Ş.",HATAY,KIRIKHAN,2305800,189.0,1,1
"ALTUNTAŞ TARIM ÜRÜNLERİ LİSANSLI DEPOCULUK A.Ş.",AKSARAY,MERKEZ,2196588,184.4,4,1
"GÜZEL TARIM ÜRÜNLERİ LİSANSLI DEPOCULUK A.Ş.",KONYA,CBEYLİ,2134266,152.3,6,4
"CSS LİDAŞ TARIM ÜRÜNLERİ LİSANSLI DEPOCULUK A.Ş.",DİYARBAKIR,ÇINAR,2088675,138.9,3,1
"ESLİDAŞ TARIM ÜRÜNLERİ LİSANSLI DEPOCULUK SANAYİ VE TİCARET A.Ş.",EDİRNE,HAVSA,2076406,134.3,9,4
"ESERLER TARIM ÜRÜNLERİ LİSANSLI DEPOCULUK A.Ş.",YOZGAT,ÇANDIR,2056746,133.9,3,2
"MARDİN TARIM ÜRÜNLERİ LİSANSLI DEPOCULUK A.Ş.",MARDİN,KTEPE,2031440,121.3,2,1
"ŞİMALA TARIM ÜRÜNLERİ LİSANSLI DEPOCULUK SANAYİ VE TİCARET A.Ş.",KONYA,ÇUMRA,1888440,133.5,4,1
"KUŞAT TARIM ÜRÜNLERİ LİSANSLI DEPOCULUK A.Ş.",KAYSERİ,FELAHİYE,1807965,158.6,4,3
"ALTINBİLEK TARIM ÜRÜNLERİ LİSANSLI DEPOCULUK A.Ş.",ESKİŞEHİR,OPAZARI,1804362,143.8,6,2
"ERK LİDAŞ TARIM ÜRÜNLERİ LİSANSLI DEPOCULUK A.Ş.",KONYA,AEKİN,1733692,118.6,5,4
"KAYSERİ ŞEKER TARIM ÜRÜNLERİ LİSANSLI DEPOCULUK A.Ş.",KAYSERİ,DEVELİ,1695040,114.3,6,3
"POLAT AGRO TARIM ÜRÜNLERİ LİSANSLI DEPOCULUK A.Ş.",NEVŞEHİR,KOZAKLI,1693200,121.1,7,4
"TMO TOBB TARIM ÜRÜNLERİ LİSANSLI DEPOCULUK SANAYİ VE TİCARET A.Ş.",TEKİRDAĞ,HBOLU,1681800,110.5,4,3
"KAYSERİ ŞEKER TARIM ÜRÜNLERİ LİSANSLI DEPOCULUK A.Ş.",SİVAS,ŞARKIŞLA,1610840,115.1,1,1
"HEKİMOĞLU TARIM ÜRÜNLERİ LİSANSLI DEPOCULUK SANAYİ VE TİCARET A.Ş.",KONYA,SELÇUKLU,1569330,126.7,3,2
"KEPENÇ LİDAŞ TARIM ÜRÜNLERİ LİSANSLI DEPOCULUK A.Ş.",MARDİN,KTEPE,1461105,89.3,2,1
"MYSİLO TARIM ÜRÜNLERİ LİSANSLI DEPOCULUK A.Ş.",KIRKLARELİ,MERKEZ,1369354,93.2,7,4
"GÜR LİDAŞ TARIM ÜRÜNLERİ LİSANSLI DEPOCULUK A.Ş.",BATMAN,BEŞİRİ,1319960,111.9,1,1
"POLER URFA TARIM ÜRÜNLERİ LİSANSLI DEPOCULUK A.Ş.",MARDİN,DERİK,1239000,105.0,1,1
"MYSİLO TARIM ÜRÜNLERİ LİSANSLI DEPOCULUK A.Ş.",ESKİŞEHİR,MMUDİYE,1205128,95.8,3,2
"ERC TARIM ÜRÜNLERİ LİSANSLI DEPOCULUK A.Ş.",KAYSERİ,PBAŞI,1196539,93.9,6,3
"DOĞA AKBULUT TARIM ÜRÜNLERİ LİSANSLI DEPOCULUK A.Ş.",AKSARAY,MERKEZ,1139390,81.4,3,3
"AFYON BORSA TARIM ÜRÜNLERİ LİSANSLI DEPOCULUK A.Ş.",AFYONKARAHİSAR,DİNAR,1063720,76.0,1,1
"BAL TARIM ÜRÜNLERİ LİSANSLI DEPOCULUK A.Ş.",DİYARBAKIR,ÇINAR,1003200,66.9,1,1
"HASANOĞULLARI LİDAŞ TARIM ÜRÜNLERİ LİSANSLI DEPOCULUK A.Ş.",AKSARAY,ORTAKÖY,1000696,83.8,6,1
"TEKİN LİDAŞ TARIM ÜRÜNLERİ LİSANSLI DEPOCULUK A.Ş.",BATMAN,MERKEZ,937545,79.5,1,1
"RUHBAŞ TARIM ÜRÜNLERİ LİSANSLI DEPOCULUK A.Ş.",KAYSERİ,TALAS,899068,61.6,1,1
"NARLI TARIM ÜRÜNLERİ LİSANSLI DEPOCULUK A.Ş.",KAHRAMANMARAŞ,PAZARCIK,833894,68.4,1,1
"DOĞU MARMARA TARIM ÜRÜNLERİ LİSANSLI DEPOCULUK A.Ş.",SAKARYA,APAZARI,747564,54.8,2,1
"İMPAZ TARIM ÜRÜNLERİ LİSANSLI DEPOCULUK A.Ş.",TEKİRDAĞ,SPAŞA,746642,44.2,1,1
"TMO TOBB TARIM ÜRÜNLERİ LİSANSLI DEPOCULUK SANAYİ VE TİCARET A.Ş.",EDİRNE,KEŞAN,740880,41.2,1,1
"POLAT AGRO TARIM ÜRÜNLERİ LİSANSLI DEPOCULUK A.Ş.",NEVŞEHİR,HBEKTAŞ,738666,52.9,5,4
"AL LİDAŞ TARIM ÜRÜNLERİ LİSANSLI DEPOCULUK A.Ş.",KAHRAMANMARAŞ,PAZARCIK,709601,58.2,1,1
"ÖZAKAN TARIM ÜRÜNLERİ LİSANSLI DEPOCULUK A.Ş.",KONYA,CBEYLİ,671600,46.0,2,1
"ATARLAR TARIM ÜRÜNLERİ LİSANSLI DEPOCULUK A.Ş.",AKSARAY,ESKİL,626348,51.3,1,1
"KAİNAT TARIM ÜRÜNLERİ LİSANSLI DEPOCULUK A.Ş.",KIRKLARELİ,PHİSAR,613200,42.0,2,1
"SAFİRTAŞ TARIM ÜRÜNLERİ LİSANSLI DEPOCULUK A.Ş.",KAHRAMANMARAŞ,TÜRKOĞLU,611061,50.1,1,1
"YURTTAŞLAR AGRO TARIM ÜRÜNLERİ LİSANSLI DEPOCULUK A.Ş.",NEVŞEHİR,HBEKTAŞ,553305,39.5,3,2
"AZİM LİDAŞ TARIM ÜRÜNLERİ LİSANSLI DEPOCULUK A.Ş.",MARDİN,KTEPE,522500,31.6,2,1
"ATA LİDAŞ TARIM ÜRÜNLERİ LİSANSLI DEPOCULUK A.Ş.",KAHRAMANMARAŞ,12ŞUBAT,496979,40.7,1,1
"ÇEVİKLER TARIM ÜRÜNLERİ LİSANSLI DEPOCULUK A.Ş.",KONYA,SELÇUKLU,487000,32.0,3,1
"ÖZERSOY TARIM ÜRÜNLERİ LİSANSLI DEPOCULUK A.Ş.",EDİRNE,HAVSA,473332,31.7,4,3
"YENİ PAZAR TARIM ÜRÜNLERİ LİSANSLI DEPOCULUK A.Ş.",SİVAS,ULAŞ,411950,30.0,1,1
"ALKIM LİDAŞ TARIM ÜRÜNLERİ LİSANSLI DEPOCULUK A.Ş.",KIRŞEHİR,MERKEZ,410350,28.3,1,1
"YALNIZLAR AGRO TARIM ÜRÜNLERİ LİSANSLI DEPOCULUK SANAYİ VE TİCARET A.Ş.",KONYA,KPINAR,371148,30.4,2,1
"TOSUN HUBUBAT TARIM ÜRÜNLERİ LİSANSLI DEPOCULUK A.Ş.",KIRIKKALE,BALIŞEYH,357750,26.5,1,1
"LDR TARIM ÜRÜNLERİ LİSANSLI DEPOCULUK A.Ş.",KONYA,KPINAR,296534,23.5,1,1
"AYEN TARIM ÜRÜNLERİ LİSANSLI DEPOCULUK A.Ş.",MERSİN,TARSUS,295000,20.0,1,1
"HİMMETDEDE TARIM ÜRÜNLERİ LİSANSLI DEPOCULUK A.Ş.",NEVŞEHİR,HBEKTAŞ,286877,25.4,2,1
"CEMİL DEMİR TARIM ÜRÜNLERİ LİSANSLI DEPOCULUK A.Ş.",EDİRNE,HAVSA,259922,16.0,2,1
"TMO TOBB TARIM ÜRÜNLERİ LİSANSLI DEPOCULUK SANAYİ VE TİCARET A.Ş.",KIRŞEHİR,MUCUR,256168,18.0,1,1
"TOPRAK TARIM ÜRÜNLERİ LİSANSLI DEPOCULUK A.Ş.",KARAMAN,MERKEZ,225750,17.5,1,1
"KÜÇÜKER İNÇLER TARIM ÜRÜNLERİ LİSANSLI DEPOCULUK A.Ş.",KONYA,KARATAY,201600,13.4,1,1
"BEYOĞLU AGRO TARIM ÜRÜNLERİ LİSANSLI DEPOCULUK A.Ş.",NİĞDE,MERKEZ,144060,10.3,1,1
"BAŞAK SARIKAYA TARIM ÜRÜNLERİ LİSANSLI DEPOCULUK A.Ş.",YOZGAT,SARIKAYA,121968,9.2,1,1
"ANADOLU SELÇUKLU TARIM ÜRÜNLERİ LİSANSLI DEPOCULUK A.Ş.",KONYA,ÇELTİK,116564,9.2,1,1
"KAİNAT TARIM ÜRÜNLERİ LİSANSLI DEPOCULUK A.Ş.",SİVAS,KANGAL,104000,8.0,1,1
"UNEX LİDAŞ TARIM ÜRÜNLERİ LİSANSLI DEPOCULUK A.Ş.",TEKİRDAĞ,SPAŞA,97580,5.7,1,1
"KARAKAYA LİDAŞ TARIM ÜRÜNLERİ LİSANSLI DEPOCULUK A.Ş.",SAMSUN,VKÖPRÜ,75350,5.5,1,1
"KAİNAT TARIM ÜRÜNLERİ LİSANSLI DEPOCULUK A.Ş.",YOZGAT,MERKEZ,24700,2.0,2,1
"SARAÇ HUBUBAT TARIM ÜRÜNLERİ LİSANSLI DEPOCULUK SANAYİ VE TİCARET A.Ş.",KONYA,KARATAY,14550,1.0,1,1
